﻿<?xml version="1.0" encoding="utf-8" ?>
<Defs>

	<!-- ==================================== Powered Assault Armor Helmet =====================================-->

  <ThingDef ParentName="ArmorHelmetMakeableBase">
    <defName>SF_PoweredAssaultArmorHelmet</defName>
    <label>powered assault armor helmet</label>
    <description>The helmet is very different from the standard Glitterworld marine helmets. It features a roughly "T" shaped visor with two large cheek guards. The top of the helmet is reinforced by a black alloy that forms a protective brace on top. It bears somewhat of a resemblance to the ancient Greek helmets and the helmets worn by ancient Spartans.</description>
    <techLevel>Spacer</techLevel>
	 <recipeMaker>
      <unfinishedThingDef>UnfinishedTechArmor</unfinishedThingDef>
      <researchPrerequisite>ShipComputerCore</researchPrerequisite>
      <skillRequirements>
        <Crafting>12</Crafting>
      </skillRequirements>
      <recipeUsers Inherit="False">
        <li>FabricationBench</li>
      </recipeUsers>
	  <workSkill>Crafting</workSkill>
    </recipeMaker>
    <graphicData>
      <texPath>Things/Helmets/PoweredAssaultArmor/CQBHelmet</texPath>
      <graphicClass>Graphic_Single</graphicClass>
    </graphicData>
    <generateCommonality>0.1</generateCommonality>
    <statBases>
	  <MarketValue>1050</MarketValue>
      <MaxHitPoints>160</MaxHitPoints>
      <Mass>2.7</Mass>
      <Flammability>0.4</Flammability>
      <ArmorRating_Sharp>1.10</ArmorRating_Sharp>
      <ArmorRating_Blunt>0.46</ArmorRating_Blunt>
      <ArmorRating_Heat>1</ArmorRating_Heat>
      <Insulation_Cold>34</Insulation_Cold>
      <Insulation_Heat>10</Insulation_Heat>
      <EquipDelay>6</EquipDelay>
	  <WorkToMake>2200</WorkToMake>
    </statBases>
		<equippedStatOffsets>
		<PainShockThreshold>0.2</PainShockThreshold>
		</equippedStatOffsets>
    <costList>
      <ComponentSpacer>3</ComponentSpacer>
      <Plasteel>75</Plasteel>
    </costList>
		<apparel>
			<bodyPartGroups>
				<li>FullHead</li>
			</bodyPartGroups>
			<wornGraphicPath>Things/Helmets/PoweredAssaultArmor/CQBHelmet</wornGraphicPath>
			<layers>
				<li>Overhead</li>
			</layers>
			<tags>
        <li>SpacerMilitary</li>
		<li>Royal</li>
		<li>RoyalTier2</li>
		<li>EVA</li>
      </tags>
      <defaultOutfitTags>
        <li>Soldier</li>
      </defaultOutfitTags>
      <useDeflectMetalEffect>true</useDeflectMetalEffect>
    </apparel>
    <colorGenerator Class="ColorGenerator_Options">
      <options>
	    <li>
          <weight>30</weight>
          <only>(0.33,0.33,0.33)</only>
        </li>
        <li>
          <weight>30</weight>
          <only>(0.65,0.65,0.65)</only>
        </li>
        <li>
          <weight>30</weight>
          <only>(0.9,0.9,0.9)</only>
        </li>
        <li>
          <weight>3</weight>
          <only>(180,173,150)</only>
        </li>
        <li>
          <weight>3</weight>
          <only>(255,235,122)</only>
        </li>
        <li>
          <weight>10</weight>
          <only>(105,105,105)</only>
        </li>
		<li>
          <weight>10</weight>
          <only>(160,178,181)</only>
        </li>
		<li>
          <weight>10</weight>
          <only>(133,97,67)</only>
        </li>
				<li>
          <weight>3</weight>
          <only>(85,118,69)</only>
        </li>
				<li>
          <weight>3</weight>
          <only>(180,60,60)</only>
        </li>
				<li>
          <weight>3</weight>
          <only>(0,106,126)</only>
        </li>
				<li>
          <weight>3</weight>
          <only>(146,164,81)</only>
        </li>
				<li>
          <weight>3</weight>
          <only>(156,142,132)</only>
        </li>
      </options>
    </colorGenerator>
    <thingSetMakerTags>
      <li>RewardSpecial</li>
    </thingSetMakerTags>
  </ThingDef>
  
 <!-- ==================================== Engineer Power Armor Helmet =====================================-->

   <ThingDef ParentName="ArmorHelmetMakeableBase">
    <defName>SF_EngineerPowerArmorHelmet</defName>
    <label>engineer power armor helmet</label>
    <description>The engineer power armor helmet was designed to channel the pressure wave of a nearby detonation around the user's head, significantly reducing the likelihood of decapitation in the event of an explosion.</description>
    <techLevel>Spacer</techLevel>
		 <recipeMaker>
      <unfinishedThingDef>UnfinishedTechArmor</unfinishedThingDef>
      <researchPrerequisite>ShipComputerCore</researchPrerequisite>
      <skillRequirements>
        <Crafting>12</Crafting>
      </skillRequirements>
      <recipeUsers Inherit="False" />
	  <workSkill>Crafting</workSkill>
      </recipeMaker>
    <graphicData>
      <texPath>Things/Helmets/EngineerPowerArmor/EODHelmet</texPath>
      <graphicClass>Graphic_Single</graphicClass>
    </graphicData>
    <generateCommonality>0.05</generateCommonality>
    <statBases>
	  <MarketValue>1050</MarketValue>
      <MaxHitPoints>160</MaxHitPoints>
      <Mass>2.7</Mass>
      <Flammability>0.4</Flammability>
      <ArmorRating_Sharp>1.00</ArmorRating_Sharp>
      <ArmorRating_Blunt>0.74</ArmorRating_Blunt>
      <ArmorRating_Heat>0.9</ArmorRating_Heat>
      <Insulation_Cold>34</Insulation_Cold>
      <Insulation_Heat>10</Insulation_Heat>
      <EquipDelay>6</EquipDelay>
	  	  <WorkToMake>2200</WorkToMake>
    </statBases>
		<equippedStatOffsets>
			<ConstructSuccessChance>0.20</ConstructSuccessChance>
			<FixBrokenDownBuildingSuccessChance>0.10</FixBrokenDownBuildingSuccessChance>
			<ConstructionSpeed>0.10</ConstructionSpeed>
		</equippedStatOffsets>
    <costList>
      <ComponentSpacer>1</ComponentSpacer>
      <Plasteel>40</Plasteel>
    </costList>
		<apparel>
			<bodyPartGroups>
				<li>FullHead</li>
			</bodyPartGroups>
			<wornGraphicPath>Things/Helmets/EngineerPowerArmor/EODHelmet</wornGraphicPath>
			<layers>
				<li>Overhead</li>
			</layers>
			<tags>
        <li>SpacerMilitary</li>
		<li>Royal</li>
		<li>RoyalTier2</li>
		<li>EVA</li>
      </tags>
      <defaultOutfitTags>
        <li>Soldier</li>
      </defaultOutfitTags>
      <useDeflectMetalEffect>true</useDeflectMetalEffect>
    </apparel>
    <colorGenerator Class="ColorGenerator_Options">
      <options>
	    <li>
          <weight>30</weight>
          <only>(0.33,0.33,0.33)</only>
        </li>
        <li>
          <weight>30</weight>
          <only>(0.65,0.65,0.65)</only>
        </li>
        <li>
          <weight>30</weight>
          <only>(0.9,0.9,0.9)</only>
        </li>
        <li>
          <weight>3</weight>
          <only>(180,173,150)</only>
        </li>
        <li>
          <weight>3</weight>
          <only>(255,235,122)</only>
        </li>
        <li>
          <weight>10</weight>
          <only>(105,105,105)</only>
        </li>
		<li>
          <weight>10</weight>
          <only>(160,178,181)</only>
        </li>
		<li>
          <weight>10</weight>
          <only>(133,97,67)</only>
        </li>
				<li>
          <weight>3</weight>
          <only>(85,118,69)</only>
        </li>
				<li>
          <weight>3</weight>
          <only>(180,60,60)</only>
        </li>
				<li>
          <weight>3</weight>
          <only>(0,106,126)</only>
        </li>
				<li>
          <weight>3</weight>
          <only>(146,164,81)</only>
        </li>
				<li>
          <weight>3</weight>
          <only>(156,142,132)</only>
        </li>
      </options>
    </colorGenerator>
    <thingSetMakerTags>
      <li>RewardSpecial</li>
    </thingSetMakerTags>
  </ThingDef>
 
 <!-- ==================================== Explorer Power Armor =====================================-->
 
   <ThingDef ParentName="ArmorHelmetMakeableBase">
    <defName>SF_ExplorerPowerArmorHelmet</defName>
    <label>explorer power armor helmet</label>
    <description>The explorer helmet may have its characteristic visor for complete field of vision during alien worlds operations. Due to the AI persona assistant installed in the helmet's microchip, it is often seen on glitterworld scientists during exploration missions.</description>
    <techLevel>Spacer</techLevel>
		 <recipeMaker>
      <unfinishedThingDef>UnfinishedTechArmor</unfinishedThingDef>
      <researchPrerequisite>ShipComputerCore</researchPrerequisite>
      <skillRequirements>
        <Crafting>12</Crafting>
      </skillRequirements>
      <recipeUsers Inherit="False" />
	  <workSkill>Crafting</workSkill>
      </recipeMaker>
    <graphicData>
      <texPath>Things/Helmets/ExplorerPowerArmor/EVAHelmet</texPath>
      <graphicClass>Graphic_Single</graphicClass>
    </graphicData>
    <generateCommonality>0.05</generateCommonality>
    <statBases>
	  <MarketValue>1050</MarketValue>
      <MaxHitPoints>160</MaxHitPoints>
      <Mass>2.7</Mass>
      <Flammability>0.4</Flammability>
      <ArmorRating_Sharp>0.88</ArmorRating_Sharp>
      <ArmorRating_Blunt>0.25</ArmorRating_Blunt>
      <ArmorRating_Heat>0.9</ArmorRating_Heat>
      <Insulation_Cold>0.44</Insulation_Cold>
      <Insulation_Heat>0.36</Insulation_Heat>
      <EquipDelay>6</EquipDelay>
	  	  <WorkToMake>2200</WorkToMake>
    </statBases>
		<equippedStatOffsets>
			<PlantHarvestYield>0.10</PlantHarvestYield>
			<TameAnimalChance>0.10</TameAnimalChance>
			<PsychicSensitivity>-0.05</PsychicSensitivity>
		</equippedStatOffsets>
    <costList>
      <ComponentSpacer>1</ComponentSpacer>
      <Plasteel>40</Plasteel>
    </costList>
		<apparel>
			<bodyPartGroups>
				<li>FullHead</li>
			</bodyPartGroups>
			<wornGraphicPath>Things/Helmets/ExplorerPowerArmor/EVAHelmet</wornGraphicPath>
			<layers>
				<li>Overhead</li>
			</layers>
			<tags>
        <li>SpacerMilitary</li>
		<li>Royal</li>
		<li>RoyalTier2</li>
		<li>EVA</li>
      </tags>
      <defaultOutfitTags>
        <li>Soldier</li>
      </defaultOutfitTags>
      <useDeflectMetalEffect>true</useDeflectMetalEffect>
    </apparel>
    <colorGenerator Class="ColorGenerator_Options">
      <options>
	    <li>
          <weight>30</weight>
          <only>(0.33,0.33,0.33)</only>
        </li>
        <li>
          <weight>30</weight>
          <only>(0.65,0.65,0.65)</only>
        </li>
        <li>
          <weight>30</weight>
          <only>(0.9,0.9,0.9)</only>
        </li>
        <li>
          <weight>3</weight>
          <only>(180,173,150)</only>
        </li>
        <li>
          <weight>3</weight>
          <only>(255,235,122)</only>
        </li>
        <li>
          <weight>10</weight>
          <only>(105,105,105)</only>
        </li>
		<li>
          <weight>10</weight>
          <only>(160,178,181)</only>
        </li>
		<li>
          <weight>10</weight>
          <only>(133,97,67)</only>
        </li>
				<li>
          <weight>3</weight>
          <only>(85,118,69)</only>
        </li>
				<li>
          <weight>3</weight>
          <only>(180,60,60)</only>
        </li>
				<li>
          <weight>3</weight>
          <only>(0,106,126)</only>
        </li>
				<li>
          <weight>3</weight>
          <only>(146,164,81)</only>
        </li>
				<li>
          <weight>3</weight>
          <only>(156,142,132)</only>
        </li>
      </options>
    </colorGenerator>
    <thingSetMakerTags>
      <li>RewardSpecial</li>
    </thingSetMakerTags>
  </ThingDef>
 
 <!-- ==================================== Grenadier Power Armor =====================================-->
 
   <ThingDef ParentName="ArmorHelmetMakeableBase">
    <defName>SF_GrenadierPowerArmorHelmet</defName>
    <label>grenadier power armor helmet</label>
    <description>The grenadier power armor helmet features a subpersona core responsible for tracking the surroundings and allowing operators to gain intelligence on hostile movements, hence allowing for better accuracy, and with additional layer of plate armor around jaw and visor, it makes the wearer almost immune to explosive damage.</description>
    <techLevel>Spacer</techLevel>
		 <recipeMaker>
      <unfinishedThingDef>UnfinishedTechArmor</unfinishedThingDef>
      <researchPrerequisite>ShipComputerCore</researchPrerequisite>
      <skillRequirements>
        <Crafting>12</Crafting>
      </skillRequirements>
      <recipeUsers Inherit="False" />
	  <workSkill>Crafting</workSkill>
      </recipeMaker>
    <graphicData>
      <texPath>Things/Helmets/GrenadierPowerArmor/GrenadierHelmet</texPath>
      <graphicClass>Graphic_Single</graphicClass>
    </graphicData>
    <generateCommonality>0.05</generateCommonality>
    <statBases>
	  <MarketValue>1050</MarketValue>
      <MaxHitPoints>160</MaxHitPoints>
      <Mass>2.7</Mass>
      <Flammability>0.4</Flammability>
      <ArmorRating_Sharp>1.10</ArmorRating_Sharp>
      <ArmorRating_Blunt>0.38</ArmorRating_Blunt>
      <ArmorRating_Heat>1</ArmorRating_Heat>
      <Insulation_Cold>0.34</Insulation_Cold>
      <Insulation_Heat>0.1</Insulation_Heat>
      <EquipDelay>6</EquipDelay>
	  	  <WorkToMake>2200</WorkToMake>
    </statBases>
		<equippedStatOffsets>
			<ShootingAccuracyPawn>0.15</ShootingAccuracyPawn>
		</equippedStatOffsets>
    <costList>
      <ComponentSpacer>1</ComponentSpacer>
      <Plasteel>40</Plasteel>
    </costList>
		<apparel>
			<bodyPartGroups>
				<li>FullHead</li>
			</bodyPartGroups>
			<wornGraphicPath>Things/Helmets/GrenadierPowerArmor/GrenadierHelmet</wornGraphicPath>
			<layers>
				<li>Overhead</li>
			</layers>
			<tags>
        <li>SpacerMilitary</li>
		<li>Royal</li>
		<li>RoyalTier2</li>
		<li>EVA</li>
      </tags>
      <defaultOutfitTags>
        <li>Soldier</li>
      </defaultOutfitTags>
      <useDeflectMetalEffect>true</useDeflectMetalEffect>
    </apparel>
    <colorGenerator Class="ColorGenerator_Options">
      <options>
	    <li>
          <weight>30</weight>
          <only>(0.33,0.33,0.33)</only>
        </li>
        <li>
          <weight>30</weight>
          <only>(0.65,0.65,0.65)</only>
        </li>
        <li>
          <weight>30</weight>
          <only>(0.9,0.9,0.9)</only>
        </li>
        <li>
          <weight>3</weight>
          <only>(180,173,150)</only>
        </li>
        <li>
          <weight>3</weight>
          <only>(255,235,122)</only>
        </li>
        <li>
          <weight>10</weight>
          <only>(105,105,105)</only>
        </li>
		<li>
          <weight>10</weight>
          <only>(160,178,181)</only>
        </li>
		<li>
          <weight>10</weight>
          <only>(133,97,67)</only>
        </li>
				<li>
          <weight>3</weight>
          <only>(85,118,69)</only>
        </li>
				<li>
          <weight>3</weight>
          <only>(180,60,60)</only>
        </li>
				<li>
          <weight>3</weight>
          <only>(0,106,126)</only>
        </li>
				<li>
          <weight>3</weight>
          <only>(146,164,81)</only>
        </li>
				<li>
          <weight>3</weight>
          <only>(156,142,132)</only>
        </li>
      </options>
    </colorGenerator>
    <thingSetMakerTags>
      <li>RewardSpecial</li>
    </thingSetMakerTags>
  </ThingDef>
 
 <!-- ==================================== Commando Armor =====================================-->
 
   <ThingDef ParentName="ArmorHelmetMakeableBase">
    <defName>SF_CommandoArmorHelmet</defName>
    <label>commando armor helmet</label>
    <description>The commando helmet target acquisition and tracking system has been adapted into various glitterworld spaceship weapon systems. The isolated camera feed improves the wearer's target awareness and firing effectiveness, especially while in motion.</description>
    <techLevel>Spacer</techLevel>
		 <recipeMaker>
      <unfinishedThingDef>UnfinishedTechArmor</unfinishedThingDef>
      <researchPrerequisite>ShipComputerCore</researchPrerequisite>
      <skillRequirements>
        <Crafting>12</Crafting>
      </skillRequirements>
      <recipeUsers Inherit="False" />
	  <workSkill>Crafting</workSkill>
      </recipeMaker>
    <graphicData>
      <texPath>Things/Helmets/CommandoArmor/GUNGNIRHelmet</texPath>
      <graphicClass>Graphic_Single</graphicClass>
    </graphicData>
    <generateCommonality>0.05</generateCommonality>
    <statBases>
	  <MarketValue>1050</MarketValue>
      <MaxHitPoints>160</MaxHitPoints>
      <Mass>2.7</Mass>
      <Flammability>0.4</Flammability>
      <ArmorRating_Sharp>1.00</ArmorRating_Sharp>
      <ArmorRating_Blunt>0.36</ArmorRating_Blunt>
      <ArmorRating_Heat>0.8</ArmorRating_Heat>
      <Insulation_Cold>0.34</Insulation_Cold>
      <Insulation_Heat>0.1</Insulation_Heat>
      <EquipDelay>6</EquipDelay>
	  	  <WorkToMake>2200</WorkToMake>
    </statBases>
		<equippedStatOffsets>
			<ShootingAccuracyPawn>0.3</ShootingAccuracyPawn>
			<AimingDelayFactor>-0.3</AimingDelayFactor>
		</equippedStatOffsets>
    <costList>
      <ComponentSpacer>1</ComponentSpacer>
      <Plasteel>40</Plasteel>
    </costList>
		<apparel>
			<bodyPartGroups>
				<li>FullHead</li>
			</bodyPartGroups>
			<wornGraphicPath>Things/Helmets/CommandoArmor/GUNGNIRHelmet</wornGraphicPath>
			<layers>
				<li>Overhead</li>
			</layers>
			<tags>
        <li>SpacerMilitary</li>
		<li>Royal</li>
		<li>RoyalTier2</li>
		<li>EVA</li>
      </tags>
      <defaultOutfitTags>
        <li>Soldier</li>
      </defaultOutfitTags>
      <useDeflectMetalEffect>true</useDeflectMetalEffect>
    </apparel>
    <colorGenerator Class="ColorGenerator_Options">
      <options>
	    <li>
          <weight>30</weight>
          <only>(0.33,0.33,0.33)</only>
        </li>
        <li>
          <weight>30</weight>
          <only>(0.65,0.65,0.65)</only>
        </li>
        <li>
          <weight>30</weight>
          <only>(0.9,0.9,0.9)</only>
        </li>
        <li>
          <weight>3</weight>
          <only>(180,173,150)</only>
        </li>
        <li>
          <weight>3</weight>
          <only>(255,235,122)</only>
        </li>
        <li>
          <weight>10</weight>
          <only>(105,105,105)</only>
        </li>
		<li>
          <weight>10</weight>
          <only>(160,178,181)</only>
        </li>
		<li>
          <weight>10</weight>
          <only>(133,97,67)</only>
        </li>
				<li>
          <weight>3</weight>
          <only>(85,118,69)</only>
        </li>
				<li>
          <weight>3</weight>
          <only>(180,60,60)</only>
        </li>
				<li>
          <weight>3</weight>
          <only>(0,106,126)</only>
        </li>
				<li>
          <weight>3</weight>
          <only>(146,164,81)</only>
        </li>
				<li>
          <weight>3</weight>
          <only>(156,142,132)</only>
        </li>
      </options>
    </colorGenerator>
    <thingSetMakerTags>
      <li>RewardSpecial</li>
    </thingSetMakerTags>
  </ThingDef>
 
 <!-- ==================================== Hazard Operations Armor =====================================-->
 
   <ThingDef ParentName="ArmorHelmetMakeableBase">
    <defName>SF_HazardOperationsArmorHelmet</defName>
    <label>hazard operations helmet</label>
    <description>The hazard operations helmet employs a unique technology to process and manufacture oxygen in highly toxic conditions and utilises a tin foil layer for protection against common psychic events in the mechanoid legacy worlds.</description>
    <techLevel>Spacer</techLevel>
		 <recipeMaker>
      <unfinishedThingDef>UnfinishedTechArmor</unfinishedThingDef>
      <researchPrerequisite>ShipComputerCore</researchPrerequisite>
      <skillRequirements>
        <Crafting>12</Crafting>
      </skillRequirements>
      <recipeUsers Inherit="False" />
	  <workSkill>Crafting</workSkill>
      </recipeMaker>
    <graphicData>
      <texPath>Things/Helmets/HazardOperationsArmor/HAZOPHelmet</texPath>
      <graphicClass>Graphic_Single</graphicClass>
    </graphicData>
    <generateCommonality>0.05</generateCommonality>
    <statBases>
	  <MarketValue>1050</MarketValue>
      <MaxHitPoints>160</MaxHitPoints>
      <Mass>2.7</Mass>
      <Flammability>0.4</Flammability>
      <ArmorRating_Sharp>1.00</ArmorRating_Sharp>
      <ArmorRating_Blunt>0.36</ArmorRating_Blunt>
      <ArmorRating_Heat>0.9</ArmorRating_Heat>
      <Insulation_Cold>84</Insulation_Cold>
      <Insulation_Heat>56</Insulation_Heat>
      <EquipDelay>6</EquipDelay>
	  	  <WorkToMake>2200</WorkToMake>
    </statBases>
		<equippedStatOffsets>
			<PsychicSensitivity>-1</PsychicSensitivity>
			<ToxicSensitivity>-0.7</ToxicSensitivity>
			<ImmunityGainSpeed>0.10</ImmunityGainSpeed>
		</equippedStatOffsets>
    <costList>
      <ComponentSpacer>1</ComponentSpacer>
      <Plasteel>40</Plasteel>
    </costList>
		<apparel>
			<bodyPartGroups>
				<li>FullHead</li>
			</bodyPartGroups>
			<wornGraphicPath>Things/Helmets/HazardOperationsArmor/HAZOPHelmet</wornGraphicPath>
			<layers>
				<li>Overhead</li>
			</layers>
			<tags>
        <li>SpacerMilitary</li>
		<li>Royal</li>
		<li>RoyalTier2</li>
		<li>EVA</li>
      </tags>
      <defaultOutfitTags>
        <li>Soldier</li>
      </defaultOutfitTags>
      <useDeflectMetalEffect>true</useDeflectMetalEffect>
    </apparel>
    <colorGenerator Class="ColorGenerator_Options">
      <options>
	    <li>
          <weight>30</weight>
          <only>(0.33,0.33,0.33)</only>
        </li>
        <li>
          <weight>30</weight>
          <only>(0.65,0.65,0.65)</only>
        </li>
        <li>
          <weight>30</weight>
          <only>(0.9,0.9,0.9)</only>
        </li>
        <li>
          <weight>3</weight>
          <only>(180,173,150)</only>
        </li>
        <li>
          <weight>3</weight>
          <only>(255,235,122)</only>
        </li>
        <li>
          <weight>10</weight>
          <only>(105,105,105)</only>
        </li>
		<li>
          <weight>10</weight>
          <only>(160,178,181)</only>
        </li>
		<li>
          <weight>10</weight>
          <only>(133,97,67)</only>
        </li>
				<li>
          <weight>3</weight>
          <only>(85,118,69)</only>
        </li>
				<li>
          <weight>3</weight>
          <only>(180,60,60)</only>
        </li>
				<li>
          <weight>3</weight>
          <only>(0,106,126)</only>
        </li>
				<li>
          <weight>3</weight>
          <only>(146,164,81)</only>
        </li>
				<li>
          <weight>3</weight>
          <only>(156,142,132)</only>
        </li>
      </options>
    </colorGenerator>
    <thingSetMakerTags>
      <li>RewardSpecial</li>
    </thingSetMakerTags>
  </ThingDef>
 
 <!-- ==================================== Diplomat Power Armor =====================================-->
 
   <ThingDef ParentName="ArmorHelmetMakeableBase">
    <defName>SF_DiplomatPowerArmorHelmet</defName>
    <label>diplomat power armor helmet</label>
    <description>The diplomat helmet utilises several translation modules as well as an AI persona core responsible for assessing the social situation and providing the operator with several solutions to current conversations.</description>
    <techLevel>Spacer</techLevel>
		 <recipeMaker>
      <unfinishedThingDef>UnfinishedTechArmor</unfinishedThingDef>
      <researchPrerequisite>ShipComputerCore</researchPrerequisite>
      <skillRequirements>
        <Crafting>12</Crafting>
      </skillRequirements>
      <recipeUsers Inherit="False" />
	  <workSkill>Crafting</workSkill>
      </recipeMaker>
    <graphicData>
      <texPath>Things/Helmets/DiplomatPowerArmor/MarkIVHelmet</texPath>
      <graphicClass>Graphic_Single</graphicClass>
    </graphicData>
    <generateCommonality>0.05</generateCommonality>
    <statBases>
	  <MarketValue>1050</MarketValue>
      <MaxHitPoints>160</MaxHitPoints>
      <Mass>2.7</Mass>
      <Flammability>0.4</Flammability>
      <ArmorRating_Sharp>1.00</ArmorRating_Sharp>
      <ArmorRating_Blunt>0.36</ArmorRating_Blunt>
      <ArmorRating_Heat>0.86</ArmorRating_Heat>
      <Insulation_Cold>34</Insulation_Cold>
      <Insulation_Heat>10</Insulation_Heat>
      <EquipDelay>6</EquipDelay>
	  	  <WorkToMake>2200</WorkToMake>
    </statBases>
		<equippedStatOffsets>
			<GlobalLearningFactor>0.1</GlobalLearningFactor>
			<NegotiationAbility>0.15</NegotiationAbility>
			<SocialImpact>0.25</SocialImpact>
		</equippedStatOffsets>
    <costList>
      <ComponentSpacer>1</ComponentSpacer>
      <Plasteel>40</Plasteel>
    </costList>
		<apparel>
			<bodyPartGroups>
				<li>FullHead</li>
			</bodyPartGroups>
			<wornGraphicPath>Things/Helmets/DiplomatPowerArmor/MarkIVHelmet</wornGraphicPath>
			<layers>
				<li>Overhead</li>
			</layers>
			<tags>
        <li>SpacerMilitary</li>
		<li>Royal</li>
		<li>RoyalTier2</li>
		<li>EVA</li>
      </tags>
      <defaultOutfitTags>
        <li>Soldier</li>
      </defaultOutfitTags>
      <useDeflectMetalEffect>true</useDeflectMetalEffect>
    </apparel>
    <colorGenerator Class="ColorGenerator_Options">
      <options>
	    <li>
          <weight>30</weight>
          <only>(0.33,0.33,0.33)</only>
        </li>
        <li>
          <weight>30</weight>
          <only>(0.65,0.65,0.65)</only>
        </li>
        <li>
          <weight>30</weight>
          <only>(0.9,0.9,0.9)</only>
        </li>
        <li>
          <weight>3</weight>
          <only>(180,173,150)</only>
        </li>
        <li>
          <weight>3</weight>
          <only>(255,235,122)</only>
        </li>
        <li>
          <weight>10</weight>
          <only>(105,105,105)</only>
        </li>
		<li>
          <weight>10</weight>
          <only>(160,178,181)</only>
        </li>
		<li>
          <weight>10</weight>
          <only>(133,97,67)</only>
        </li>
				<li>
          <weight>3</weight>
          <only>(85,118,69)</only>
        </li>
				<li>
          <weight>3</weight>
          <only>(180,60,60)</only>
        </li>
				<li>
          <weight>3</weight>
          <only>(0,106,126)</only>
        </li>
				<li>
          <weight>3</weight>
          <only>(146,164,81)</only>
        </li>
				<li>
          <weight>3</weight>
          <only>(156,142,132)</only>
        </li>
      </options>
    </colorGenerator>
    <thingSetMakerTags>
      <li>RewardSpecial</li>
    </thingSetMakerTags>
  </ThingDef>
 
 <!-- ==================================== Defender Power Armor =====================================-->
 
   <ThingDef ParentName="ArmorHelmetMakeableBase">
    <defName>SF_DefenderPowerArmorHelmet</defName>
    <label>defender power armor helmet</label>
    <description>The defender power armor helmet provides the operator with technical knowledge on human anatomy, allowing user to perform precise and safe surgeries in the midst of battle, thus making it a valuable asset on the rimworld.</description>
    <techLevel>Spacer</techLevel>
		 <recipeMaker>
      <unfinishedThingDef>UnfinishedTechArmor</unfinishedThingDef>
      <researchPrerequisite>ShipComputerCore</researchPrerequisite>
      <skillRequirements>
        <Crafting>12</Crafting>
      </skillRequirements>
      <recipeUsers Inherit="False" />
	  <workSkill>Crafting</workSkill>
      </recipeMaker>
    <graphicData>
      <texPath>Things/Helmets/DefenderPowerArmor/MarkVHelmet</texPath>
      <graphicClass>Graphic_Single</graphicClass>
    </graphicData>
    <generateCommonality>0.05</generateCommonality>
    <statBases>
	  <MarketValue>1050</MarketValue>
      <MaxHitPoints>160</MaxHitPoints>
      <Mass>2.7</Mass>
      <Flammability>0.4</Flammability>
      <ArmorRating_Sharp>1.12</ArmorRating_Sharp>
      <ArmorRating_Blunt>0.36</ArmorRating_Blunt>
      <ArmorRating_Heat>1.06</ArmorRating_Heat>
      <Insulation_Cold>34</Insulation_Cold>
      <Insulation_Heat>10</Insulation_Heat>
      <EquipDelay>6</EquipDelay>
	  	  <WorkToMake>2200</WorkToMake>
    </statBases>
		<equippedStatOffsets>
			<MedicalTendQuality>0.10</MedicalTendQuality>
			<MedicalOperationSpeed>0.15</MedicalOperationSpeed>
			<SurgerySuccessChanceFactor>0.15</SurgerySuccessChanceFactor>
		</equippedStatOffsets>
    <costList>
      <ComponentSpacer>1</ComponentSpacer>
      <Plasteel>40</Plasteel>
    </costList>
		<apparel>
			<bodyPartGroups>
				<li>FullHead</li>
			</bodyPartGroups>
			<wornGraphicPath>Things/Helmets/DefenderPowerArmor/MarkVHelmet</wornGraphicPath>
			<layers>
				<li>Overhead</li>
			</layers>
			<tags>
        <li>SpacerMilitary</li>
		<li>Royal</li>
		<li>RoyalTier2</li>
		<li>EVA</li>
      </tags>
      <defaultOutfitTags>
        <li>Soldier</li>
      </defaultOutfitTags>
      <useDeflectMetalEffect>true</useDeflectMetalEffect>
    </apparel>
    <colorGenerator Class="ColorGenerator_Options">
      <options>
	    <li>
          <weight>30</weight>
          <only>(0.33,0.33,0.33)</only>
        </li>
        <li>
          <weight>30</weight>
          <only>(0.65,0.65,0.65)</only>
        </li>
        <li>
          <weight>30</weight>
          <only>(0.9,0.9,0.9)</only>
        </li>
        <li>
          <weight>3</weight>
          <only>(180,173,150)</only>
        </li>
        <li>
          <weight>3</weight>
          <only>(255,235,122)</only>
        </li>
        <li>
          <weight>10</weight>
          <only>(105,105,105)</only>
        </li>
		<li>
          <weight>10</weight>
          <only>(160,178,181)</only>
        </li>
		<li>
          <weight>10</weight>
          <only>(133,97,67)</only>
        </li>
				<li>
          <weight>3</weight>
          <only>(85,118,69)</only>
        </li>
				<li>
          <weight>3</weight>
          <only>(180,60,60)</only>
        </li>
				<li>
          <weight>3</weight>
          <only>(0,106,126)</only>
        </li>
				<li>
          <weight>3</weight>
          <only>(146,164,81)</only>
        </li>
				<li>
          <weight>3</weight>
          <only>(156,142,132)</only>
        </li>
      </options>
    </colorGenerator>
    <thingSetMakerTags>
      <li>RewardSpecial</li>
    </thingSetMakerTags>
  </ThingDef>
 
 <!-- ==================================== Scout Power Armor =====================================-->
 
   <ThingDef ParentName="ArmorHelmetMakeableBase">
    <defName>SF_ScoutPowerArmorHelmet</defName>
    <label>scout power armor helmet</label>
    <description>The scout power armor helmet is a first choice of glitterworld scouting teams. It features a cap-like protrusion, along its rim and a beak-like protrusion under the chinas well as advanced targeting AI persona which allows for precise long-range engagements.</description>
    <techLevel>Spacer</techLevel>
		 <recipeMaker>
      <unfinishedThingDef>UnfinishedTechArmor</unfinishedThingDef>
      <researchPrerequisite>ShipComputerCore</researchPrerequisite>
      <skillRequirements>
        <Crafting>12</Crafting>
      </skillRequirements>
      <recipeUsers Inherit="False" />
	  <workSkill>Crafting</workSkill>
      </recipeMaker>
    <graphicData>
      <texPath>Things/Helmets/ScoutPowerArmor/ScoutHelmet</texPath>
      <graphicClass>Graphic_Single</graphicClass>
    </graphicData>
    <generateCommonality>0.05</generateCommonality>
    <statBases>
	  <MarketValue>1050</MarketValue>
      <MaxHitPoints>160</MaxHitPoints>
      <Mass>2.7</Mass>
      <Flammability>0.4</Flammability>
      <ArmorRating_Sharp>1.00</ArmorRating_Sharp>
      <ArmorRating_Blunt>0.36</ArmorRating_Blunt>
      <ArmorRating_Heat>0.9</ArmorRating_Heat>
      <Insulation_Cold>34</Insulation_Cold>
      <Insulation_Heat>10</Insulation_Heat>
      <EquipDelay>6</EquipDelay>
	  	  <WorkToMake>2200</WorkToMake>
    </statBases>
		<equippedStatOffsets>
			<AimingDelayFactor>0.2</AimingDelayFactor>
			<ShootingAccuracyPawn>0.25</ShootingAccuracyPawn>
			<AccuracyLong>0.1</AccuracyLong>
		</equippedStatOffsets>
    <costList>
      <ComponentSpacer>1</ComponentSpacer>
      <Plasteel>40</Plasteel>
    </costList>
		<apparel>
			<bodyPartGroups>
				<li>FullHead</li>
			</bodyPartGroups>
			<wornGraphicPath>Things/Helmets/ScoutPowerArmor/ScoutHelmet</wornGraphicPath>
			<layers>
				<li>Overhead</li>
			</layers>
			<tags>
        <li>SpacerMilitary</li>
		<li>Royal</li>
		<li>RoyalTier2</li>
		<li>EVA</li>
      </tags>
      <defaultOutfitTags>
        <li>Soldier</li>
      </defaultOutfitTags>
      <useDeflectMetalEffect>true</useDeflectMetalEffect>
    </apparel>
    <colorGenerator Class="ColorGenerator_Options">
      <options>
	    <li>
          <weight>30</weight>
          <only>(0.33,0.33,0.33)</only>
        </li>
        <li>
          <weight>30</weight>
          <only>(0.65,0.65,0.65)</only>
        </li>
        <li>
          <weight>30</weight>
          <only>(0.9,0.9,0.9)</only>
        </li>
        <li>
          <weight>3</weight>
          <only>(180,173,150)</only>
        </li>
        <li>
          <weight>3</weight>
          <only>(255,235,122)</only>
        </li>
        <li>
          <weight>10</weight>
          <only>(105,105,105)</only>
        </li>
		<li>
          <weight>10</weight>
          <only>(160,178,181)</only>
        </li>
		<li>
          <weight>10</weight>
          <only>(133,97,67)</only>
        </li>
				<li>
          <weight>3</weight>
          <only>(85,118,69)</only>
        </li>
				<li>
          <weight>3</weight>
          <only>(180,60,60)</only>
        </li>
				<li>
          <weight>3</weight>
          <only>(0,106,126)</only>
        </li>
				<li>
          <weight>3</weight>
          <only>(146,164,81)</only>
        </li>
				<li>
          <weight>3</weight>
          <only>(156,142,132)</only>
        </li>
      </options>
    </colorGenerator>
    <thingSetMakerTags>
      <li>RewardSpecial</li>
    </thingSetMakerTags>
  </ThingDef>
  
  <!-- ==================================== Samurai Power Armor =====================================-->
 
   <ThingDef ParentName="ArmorHelmetMakeableBase">
    <defName>SF_SamuraiPowerArmorHelmet</defName>
    <label>samurai power armor helmet</label>
    <description>The Samurai armor's helmet was designed with a defensive and ultraviolet protective visor. Like all power armor helmets, the visor is the weakest part. Thus, a small visor was designed to be more difficult to accurately penetrate. As such, the small visor provides for better protection of the wearer as well as better camouflage. A preinstalled AI persona contains information on all the martial fighting styles known across the galaxy.</description>
    <techLevel>Spacer</techLevel>
		 <recipeMaker>
      <unfinishedThingDef>UnfinishedTechArmor</unfinishedThingDef>
      <researchPrerequisite>ShipComputerCore</researchPrerequisite>
      <skillRequirements>
        <Crafting>12</Crafting>
      </skillRequirements>
      <recipeUsers Inherit="False" />
	  <workSkill>Crafting</workSkill>
      </recipeMaker>
    <graphicData>
      <texPath>Things/Helmets/SamuraiPowerArmor/HayabusaHelmet</texPath>
      <graphicClass>Graphic_Single</graphicClass>
    </graphicData>
    <generateCommonality>0.05</generateCommonality>
    <statBases>
	  <MarketValue>1050</MarketValue>
      <MaxHitPoints>160</MaxHitPoints>
      <Mass>2.7</Mass>
      <Flammability>0.4</Flammability>
      <ArmorRating_Sharp>1.00</ArmorRating_Sharp>
      <ArmorRating_Blunt>0.46</ArmorRating_Blunt>
      <ArmorRating_Heat>0.9</ArmorRating_Heat>
      <Insulation_Cold>34</Insulation_Cold>
      <Insulation_Heat>10</Insulation_Heat>
      <EquipDelay>6</EquipDelay>
	  	  <WorkToMake>2200</WorkToMake>
    </statBases>
		<equippedStatOffsets>
			<MeleeDodgeChance>0.23</MeleeDodgeChance>
			<MeleeHitChance>0.25</MeleeHitChance>
		</equippedStatOffsets>
    <costList>
      <ComponentSpacer>1</ComponentSpacer>
      <Plasteel>40</Plasteel>
    </costList>
		<apparel>
			<bodyPartGroups>
				<li>FullHead</li>
			</bodyPartGroups>
			<wornGraphicPath>Things/Helmets/SamuraiPowerArmor/HayabusaHelmet</wornGraphicPath>
			<layers>
				<li>Overhead</li>
			</layers>
			<tags>
        <li>SpacerMilitary</li>
		<li>Royal</li>
		<li>RoyalTier2</li>
		<li>EVA</li>
      </tags>
      <defaultOutfitTags>
        <li>Soldier</li>
      </defaultOutfitTags>
      <useDeflectMetalEffect>true</useDeflectMetalEffect>
    </apparel>
    <colorGenerator Class="ColorGenerator_Options">
      <options>
	    <li>
          <weight>30</weight>
          <only>(0.33,0.33,0.33)</only>
        </li>
        <li>
          <weight>30</weight>
          <only>(0.65,0.65,0.65)</only>
        </li>
        <li>
          <weight>30</weight>
          <only>(0.9,0.9,0.9)</only>
        </li>
        <li>
          <weight>3</weight>
          <only>(180,173,150)</only>
        </li>
        <li>
          <weight>3</weight>
          <only>(255,235,122)</only>
        </li>
        <li>
          <weight>10</weight>
          <only>(105,105,105)</only>
        </li>
		<li>
          <weight>10</weight>
          <only>(160,178,181)</only>
        </li>
		<li>
          <weight>10</weight>
          <only>(133,97,67)</only>
        </li>
				<li>
          <weight>3</weight>
          <only>(85,118,69)</only>
        </li>
				<li>
          <weight>3</weight>
          <only>(180,60,60)</only>
        </li>
				<li>
          <weight>3</weight>
          <only>(0,106,126)</only>
        </li>
				<li>
          <weight>3</weight>
          <only>(146,164,81)</only>
        </li>
				<li>
          <weight>3</weight>
          <only>(156,142,132)</only>
        </li>
      </options>
    </colorGenerator>
    <thingSetMakerTags>
      <li>RewardSpecial</li>
    </thingSetMakerTags>
  </ThingDef>
  
  <!-- ==================================== Shock Trooper Armor =====================================-->
 
   <ThingDef ParentName="ArmorHelmetMakeableBase">
    <defName>SF_ShockTrooperArmorHelmet</defName>
    <label>shock trooper armor helmet</label>
    <description>The shock trooper helmet is made of titanium, coated with a heat resistance material to help disperse heat - the inside is lined with black padding to provide comfort when the user is wearing it. The newest version of the helmet integrates with the user's standard Neural Interface to provide more tactical data to the HUD as well as best optimal route to target.</description>
    <techLevel>Spacer</techLevel>
		 <recipeMaker>
      <unfinishedThingDef>UnfinishedTechArmor</unfinishedThingDef>
      <researchPrerequisite>ShipComputerCore</researchPrerequisite>
      <skillRequirements>
        <Crafting>12</Crafting>
      </skillRequirements>
      <recipeUsers Inherit="False" />
	  <workSkill>Crafting</workSkill>
      </recipeMaker>
    <graphicData>
      <texPath>Things/Helmets/ShockTrooperArmor/ODSTHelmet</texPath>
      <graphicClass>Graphic_Single</graphicClass>
    </graphicData>
    <generateCommonality>0.05</generateCommonality>
    <statBases>
	  <MarketValue>1050</MarketValue>
      <MaxHitPoints>160</MaxHitPoints>
      <Mass>2.7</Mass>
      <Flammability>0.4</Flammability>
      <ArmorRating_Sharp>0.92</ArmorRating_Sharp>
      <ArmorRating_Blunt>0.66</ArmorRating_Blunt>
      <ArmorRating_Heat>1.0</ArmorRating_Heat>
      <Insulation_Cold>34</Insulation_Cold>
      <Insulation_Heat>32</Insulation_Heat>
      <EquipDelay>6</EquipDelay>
	  	  <WorkToMake>2200</WorkToMake>
    </statBases>
		<equippedStatOffsets>
			<MoveSpeed>0.3</MoveSpeed>
			<MentalBreakThreshold>-0.25</MentalBreakThreshold>
		</equippedStatOffsets>
    <costList>
      <ComponentSpacer>1</ComponentSpacer>
      <Plasteel>40</Plasteel>
    </costList>
		<apparel>
			<bodyPartGroups>
				<li>FullHead</li>
			</bodyPartGroups>
			<wornGraphicPath>Things/Helmets/ShockTrooperArmor/ODSTHelmet</wornGraphicPath>
			<layers>
				<li>Overhead</li>
			</layers>
			<tags>
        <li>SpacerMilitary</li>
		<li>Royal</li>
		<li>RoyalTier2</li>
		<li>EVA</li>
      </tags>
      <defaultOutfitTags>
        <li>Soldier</li>
      </defaultOutfitTags>
      <useDeflectMetalEffect>true</useDeflectMetalEffect>
    </apparel>
    <colorGenerator Class="ColorGenerator_Options">
      <options>
	    <li>
          <weight>30</weight>
          <only>(0.33,0.33,0.33)</only>
        </li>
        <li>
          <weight>30</weight>
          <only>(0.65,0.65,0.65)</only>
        </li>
        <li>
          <weight>30</weight>
          <only>(0.9,0.9,0.9)</only>
        </li>
        <li>
          <weight>3</weight>
          <only>(180,173,150)</only>
        </li>
        <li>
          <weight>3</weight>
          <only>(255,235,122)</only>
        </li>
        <li>
          <weight>10</weight>
          <only>(105,105,105)</only>
        </li>
		<li>
          <weight>10</weight>
          <only>(160,178,181)</only>
        </li>
		<li>
          <weight>10</weight>
          <only>(133,97,67)</only>
        </li>
				<li>
          <weight>3</weight>
          <only>(85,118,69)</only>
        </li>
				<li>
          <weight>3</weight>
          <only>(180,60,60)</only>
        </li>
				<li>
          <weight>3</weight>
          <only>(0,106,126)</only>
        </li>
				<li>
          <weight>3</weight>
          <only>(146,164,81)</only>
        </li>
				<li>
          <weight>3</weight>
          <only>(156,142,132)</only>
        </li>
      </options>
    </colorGenerator>
    <thingSetMakerTags>
      <li>RewardSpecial</li>
    </thingSetMakerTags>
  </ThingDef>
 
  <!-- ==================================== Recon Power Armor =====================================-->
 
   <ThingDef ParentName="ArmorHelmetMakeableBase">
    <defName>SF_ReconPowerArmorHelmet</defName>
    <label>recon power armor helmet</label>
    <description>The recon helmet has large, rounded features, with a rise along the top of the head with two black triangles pointing out the front of the head on each side of the rise. It has a thin visor and an area of black alloy beneath it that covers the nose, surrounded by armor. A built-in AI Persona core helps the operator with foraging and contains all the important crafting recipes.</description>
    <techLevel>Spacer</techLevel>
		 <recipeMaker>
      <unfinishedThingDef>UnfinishedTechArmor</unfinishedThingDef>
      <researchPrerequisite>ShipComputerCore</researchPrerequisite>
      <skillRequirements>
        <Crafting>12</Crafting>
      </skillRequirements>
      <recipeUsers Inherit="False" />
	  <workSkill>Crafting</workSkill>
      </recipeMaker>
    <graphicData>
      <texPath>Things/Helmets/ReconPowerArmor/ReconHelmet</texPath>
      <graphicClass>Graphic_Single</graphicClass>
    </graphicData>
    <generateCommonality>0.1</generateCommonality>
    <statBases>
	  <MarketValue>1050</MarketValue>
      <MaxHitPoints>160</MaxHitPoints>
      <Mass>2.7</Mass>
      <Flammability>0.4</Flammability>
      <ArmorRating_Sharp>0.80</ArmorRating_Sharp>
      <ArmorRating_Blunt>0.36</ArmorRating_Blunt>
      <ArmorRating_Heat>0.75</ArmorRating_Heat>
      <Insulation_Cold>44</Insulation_Cold>
      <Insulation_Heat>22</Insulation_Heat>
      <EquipDelay>6</EquipDelay>
	  	  <WorkToMake>2200</WorkToMake>
    </statBases>
		<equippedStatOffsets>
      <GeneralLaborSpeed>0.15</GeneralLaborSpeed>
			<ForagedNutritionPerDay>6</ForagedNutritionPerDay>  
		</equippedStatOffsets>
    <costList>
      <ComponentSpacer>1</ComponentSpacer>
      <Plasteel>40</Plasteel>
    </costList>
		<apparel>
			<bodyPartGroups>
				<li>FullHead</li>
			</bodyPartGroups>
			<wornGraphicPath>Things/Helmets/ReconPowerArmor/ReconHelmet</wornGraphicPath>
			<layers>
				<li>Overhead</li>
			</layers>
			<tags>
        <li>SpacerMilitary</li>
		<li>Royal</li>
		<li>RoyalTier2</li>
		<li>EVA</li>
      </tags>
      <defaultOutfitTags>
        <li>Soldier</li>
      </defaultOutfitTags>
      <useDeflectMetalEffect>true</useDeflectMetalEffect>
    </apparel>
    <colorGenerator Class="ColorGenerator_Options">
      <options>
	    <li>
          <weight>30</weight>
          <only>(0.33,0.33,0.33)</only>
        </li>
        <li>
          <weight>30</weight>
          <only>(0.65,0.65,0.65)</only>
        </li>
        <li>
          <weight>30</weight>
          <only>(0.9,0.9,0.9)</only>
        </li>
        <li>
          <weight>3</weight>
          <only>(180,173,150)</only>
        </li>
        <li>
          <weight>3</weight>
          <only>(255,235,122)</only>
        </li>
        <li>
          <weight>10</weight>
          <only>(105,105,105)</only>
        </li>
		<li>
          <weight>10</weight>
          <only>(160,178,181)</only>
        </li>
		<li>
          <weight>10</weight>
          <only>(133,97,67)</only>
        </li>
				<li>
          <weight>3</weight>
          <only>(85,118,69)</only>
        </li>
				<li>
          <weight>3</weight>
          <only>(180,60,60)</only>
        </li>
				<li>
          <weight>3</weight>
          <only>(0,106,126)</only>
        </li>
				<li>
          <weight>3</weight>
          <only>(146,164,81)</only>
        </li>
				<li>
          <weight>3</weight>
          <only>(156,142,132)</only>
        </li>
      </options>
    </colorGenerator>
    <thingSetMakerTags>
      <li>RewardSpecial</li>
    </thingSetMakerTags>
  </ThingDef>
 
 
 
 
 
 
 
 
 
 
  
</Defs>